pH,SC,Nitrite,Fe,Sulfate,Turbidity
9.18,5015,1052,0.61,47,24.0
9.16,4970,1239,0.82,33,24.0
9.27,4670,1116,1.09,23,27.0
9.32,4850,1019,0.89,27,23.0
8.04,5032,1052,0.83,26,24.0
9.07,5221,1022,0.87,35,25.0
9.02,4752,1062,0.78,28,29.0
9.18,5015,1037,0.57,36,27.0
10.11,4550,1012,0.7,15,14.6
9.65,3660,1012,0.6,14,15.5
9.55,3670,980,0.7,22,15.5
9.77,4650,1035,0.4,18,15.0
8.15,5010,1146,0.72,39,26.0
9.7,5024,1081,0.38,43,24.0
9.38,4660,1123,0.92,22,26.0
9.16,4750,1064,0.92,36,20.0
9.9,4580,1181,1.0,27,26.0
9.97,5021,1153,1.22,32,20.0
9.12,5211,1081,0.96,23,25.0
9.22,4750,1064,0.42,36,23.0
10.55,5110,1061,1.0,23,25.0
9.93,4314,1081,1.2,20,22.0
9.31,5272,1102,0.81,32,23.0
8.95,4878,1093,0.9,23,27.0
9.5,4840,1112,1.01,24,25.0
9.32,4603,1034,0.52,25,26.0
10.8,4430,1021,0.28,13,13.3
10.2,4210,1013,0.15,15,15.4
10.11,4520,1014,0.7,15,14.6
9.11,4530,1012,0.12,15,14.6
9.12,5013,1109,0.81,42,25.0
8.43,5034,1065,0.53,32,26.0
9.57,4860,1219,0.72,37,25.0
9.72,5232,1202,0.71,32,25.0
9.27,5222,1108,0.81,37,24.0
9.31,5252,1102,0.81,37,24.0
9.31,5573,1231,1.28,39,27.0
9.31,5363,1302,1.49,37,26.0
8.76,4838,1071,0.81,25,23.0
8.76,4871,1093,0.67,23,27.0
10.5,5010,1081,0.95,30,27.0
9.79,4980,1023,0.78,28,22.0
9.27,4520,1024,0.21,15,14.6
8.57,3650,1022,0.8,14,15.1
9.16,4620,1024,0.9,17,15.2
10.11,4520,1017,0.14,13,17.0
9.48,1852,1058,0.67,36,22.0
9.29,1810,1109,0.65,38,24.0
9.43,1821,1065,0.45,36,21.0
9.41,4895,1123,0.92,22,30.0
9.47,4861,1202,0.68,38,26.0
9.41,1904,1181,0.73,30,24.0
9.47,1833,1153,0.95,37,25.0
9.51,1770,1108,1.0,32,23.0
9.55,1774,1200,0.42,32,27.0
9.3,5312,1054,1.0,25,28.0
9.32,5311,1214,0.62,37,27.0
9.47,4245,1223,1.57,26,27.0
9.34,4847,1082,1.0,24,24.0
9.39,4813,1202,0.69,25,23.0
9.44,4784,1112,0.76,24,25.0
9.42,4961,1032,0.5,27,23.0
9.46,4531,1017,0.32,14,14.1
9.31,3734,1018,0.61,13,15.8
9.26,4702,1028,0.8,16,14.1
9.52,4624,1021,0.21,14,16.0
9.34,1942,1013,0.49,39,24.0
8.78,1832,1053,0.51,32,23.0
9.4,4510,1152,0.67,36,25.0
9.4,4648,1114,0.54,23,27.0
9.12,4871,1211,0.62,34,23.0
9.27,1932,1167,0.65,33,23.0
9.46,1910,1145,0.78,36,28.0
9.13,1763,1121,0.89,32,26.0
9.47,1648,1072,0.77,32,28.0
9.43,5023,1060,0.75,24,27.0
9.58,5134,1131,0.71,36,28.0
9.28,5231,1210,0.87,36,28.0
9.74,4269,1217,1.62,28,28.0
9.38,4822,1176,0.73,25,25.0
9.13,4776,1123,0.56,26,24.0
9.41,5120,1052,1.0,31,26.0
9.37,4972,1028,0.5,26,26.0
9.33,3724,1032,0.42,17,15.5
9.47,3741,1022,0.56,16,15.2
9.35,4710,1021,0.64,15,15.4
9.39,4630,1015,0.16,15,20.0
9.37,1843,1035,0.45,43,25.0
9.39,1939,1017,0.53,35,22.0
9.4,1841,1063,0.54,42,25.0
8.87,4514,1161,0.65,36,25.0
9.43,4641,1121,0.61,28,25.0
9.4,4862,1215,0.59,37,25.0
9.37,1941,1162,0.57,35,27.0
9.46,1910,1145,0.83,36,28.0
9.48,1752,1119,0.84,35,24.0
9.36,4253,1232,2.12,35,28.0
9.21,4834,1072,0.76,32,26.0
9.75,3732,1028,0.44,16,15.12
9.12,3723,1032,0.41,17,15.11
9.42,3732,1028,0.44,16,15.12
9.21,3734,1029,0.43,17,15.12
8.67,1942,1022,0.45,37,24.0
9.12,1836,1045,0.41,43,27.0
8.95,4521,1132,0.56,28,22.0
9.46,4637,1142,0.76,26,26.0
9.31,4865,1219,0.48,41,25.0
8.98,1940,1165,0.57,32,24.0
9.47,1648,1072,0.77,32,28.0
9.45,5238,1215,0.69,39,25.0
8.87,4773,1128,0.59,25,25.0
9.37,4953,1023,0.7,29,25.0
9.27,4522,1022,0.21,14,18.6
9.32,3725,1041,0.32,21,14.21
9.33,3734,1018,0.61,15,15.0
9.34,3734,1018,0.61,13,15.2
8.86,1852,1074,0.32,51,23.0
9.21,1832,1068,0.49,48,26.0
9.37,4647,1126,0.45,26,25.0
9.63,4853,1217,0.46,37,26.0
9.31,1921,1123,0.93,32,24.0
9.46,1764,1114,0.46,32,23.0
9.54,5054,1073,1.21,38,29.0
8.68,5134,1142,0.64,29,26.0
9.21,4839,1078,0.87,29,25.0
9.23,4769,1131,0.58,28,24.0
8.76,5131,1046,0.75,35,25.0
10.8,4430,1021,0.11,13,13.3
9.57,4527,1024,0.21,15,14.6
9.38,4650,1035,0.8,18,18.0
8.63,3650,1022,0.9,16,16.0
8.43,1936,1032,0.34,37,27.0
8.56,4521,1142,0.15,36,26.0
9.12,1931,1161,0.21,32,24.0
9.12,1632,1031,0.26,41,24.0
9.31,5246,1102,0.23,35,24.0
9.39,4314,1081,0.24,20,25.0
9.52,4266,1231,0.84,34,29.0
9.23,4822,1213,0.35,25,25.0
9.87,4980,1026,0.78,28,27.0
9.23,4822,1213,0.35,25,25.0
9.23,4822,1213,0.18,29,25.0
9.12,4811,1203,0.9,25,26.0
9.45,4822,1213,0.12,25,25.0
9.12,1848,1063,0.34,43,25.0
9.16,1936,1032,0.34,37,27.0
9.37,4648,1119,0.44,23,27.0
9.72,5832,1223,0.48,32,25.0
9.21,1929,1181,0.26,30,25.0
9.37,1829,1153,0.65,25,26.0
8.92,1770,1109,0.52,29,26.0
9.22,4750,1064,0.42,36,23.0
9.31,5104,1065,0.12,25,28.0
9.17,5142,1131,0.41,36,28.0
9.35,4353,1181,1.05,38,37.0
9.14,4276,1145,1.17,41,38.0
8.76,4838,1073,0.86,28,27.0
9.14,4808,1164,0.36,25,23.0
9.44,4784,1112,0.76,24,25.0
8.82,5139,1046,0.74,35,26.0
9.39,4953,1023,0.34,29,28.0
8.18,4430,1011,0.9,13,14.0
8.18,4726,1211,0.11,13,13.0
8.26,4734,1203,0.9,25,26.0
9.22,4817,1217,0.9,16,15.0
8.56,1855,1065,0.32,45,23.0
9.35,1926,1041,0.38,37,24.0
9.36,1826,1053,0.31,32,26.0
8.74,4531,1132,0.36,28,24.0
9.12,4832,1221,0.19,45,24.0
9.12,1756,1122,0.35,38,23.0
9.21,5024,1064,0.53,25,27.0
9.35,4353,1188,1.07,43,36.0
9.12,4254,1223,0.35,38,23.0
9.21,4834,1072,0.34,32,26.0
9.11,4743,1124,0.58,28,22.0
9.21,4942,1026,0.56,28,23.0
9.23,4928,1029,0.38,25,23.0
10.8,4430,1021,0.7,12,14.0
9.12,4621,1021,0.8,18,12.0
8.13,4734,1203,0.11,25,21.0
8.75,1853,1065,0.32,45,24.0
9.27,1926,1041,0.28,38,24.0
9.42,1831,1054,0.31,32,25.0
8.67,4528,1145,0.36,38,26.0
8.93,4834,1221,0.25,46,25.0
9.36,1925,1174,0.22,30,26.0
9.12,1831,1153,0.64,23,26.0
8.76,1743,1122,0.37,38,25.0
9.12,4334,1167,0.78,38,32.0
9.12,4254,1223,0.42,28,25.0
9.43,4743,1128,0.43,28,24.0
9.26,4945,1034,0.34,34,25.0
9.23,4822,1213,0.35,11,13.0
9.24,4512,1013,0.7,11,14.0
8.13,4725,1211,0.11,15,12.0
9.12,4815,1214,0.9,16,15.0
9.21,1863,1069,0.29,33,24.0
8.59,1855,1066,0.35,45,25.0
9.38,1836,1054,0.31,36,24.0
9.35,4536,1141,0.29,25,26.0
8.45,4531,1145,0.36,38,24.0
9.52,4269,1229,0.21,35,26.0
8.98,1940,1165,0.57,33,26.0
9.32,1854,1154,0.65,26,26.0
9.35,1839,1153,0.65,25,22.0
9.36,5246,1102,0.23,35,24.0
10.63,4273,1523,1.67,37,39.0
10.58,4273,1423,1.12,36,32.0
8.76,4845,1073,0.89,42,27.0
9.38,4743,1128,0.37,26,24.0
8.84,5139,1046,0.74,36,26.0
9.39,4958,1031,0.39,32,28.0
9.75,3732,1028,0.44,14,12.0
9.27,4522,1022,0.21,14,18.6
9.27,4522,1022,0.21,14,18.6
9.42,3725,1041,0.32,21,14.04
9.21,1867,1074,0.52,38,29.0
8.34,1834,1068,0.36,45,26.0
9.24,1836,1058,0.35,32,26.0
9.28,4541,1146,0.22,25,26.0
8.49,4537,1148,0.33,38,26.0
9.57,4268,1227,0.24,35,27.0
8.63,1946,1165,0.29,25,24.0
9.37,1831,1155,0.61,24,23.0
8.27,1748,1128,0.32,34,26.0
9.36,1832,1156,0.32,26,26.0
9.32,5026,1067,0.53,25,27.0
9.32,5253,1173,0.32,35,24.0
9.45,6262,1523,1.94,41,52.0
9.42,5322,1473,1.51,43,38.0
8.65,4864,1036,0.47,42,24.0
9.28,4753,1125,0.35,29,22.0
8.25,5149,1026,0.38,35,26.0
9.44,4784,1112,0.76,24,25.0
9.43,4829,1213,0.19,19,22.0
9.24,4521,1018,0.18,11,14.0
9.18,4821,1213,0.9,25,21.0
9.21,4812,1217,0.14,25,25.0
9.42,1831,1074,0.52,28,22.0
9.31,1842,1062,0.38,38,25.0
9.12,1828,1043,0.31,22,25.0
8.52,4529,1121,0.32,34,26.0
9.27,4264,1231,0.31,36,27.0
9.12,1946,1165,0.29,29,25.0
9.25,1765,1121,0.61,24,23.0
8.92,1770,1109,0.52,29,26.0
9.24,1829,1153,0.52,32,22.0
9.43,5121,1121,0.84,25,30.0
9.31,5142,1129,0.39,36,26.0
9.32,5242,1562,1.42,35,36.0
9.52,3332,1413,1.58,45,34.0
9.22,4821,1082,0.45,32,26.0
9.25,4839,1076,0.34,32,24.0
9.13,4746,1122,0.36,26,24.0
9.21,5132,1046,0.52,36,26.0
9.31,4946,1029,0.39,32,23.0
8.18,4726,1211,0.11,13,13.0
8.13,4734,1203,0.11,22,19.0
8.18,4430,1011,0.9,13,14.0
9.12,4521,1024,0.15,11,13.0
9.24,4420,1021,0.08,14,11.0
9.11,4312,1213,0.11,11,21.0
9.11,3533,1021,0.19,21,14.04
9.29,5063,1029,0.62,47,24.19
9.11,5014,1064,0.57,48,24.74
9.07,5092,1045,0.6,46,24.73
9.11,5087,1205,0.81,33,24.59
9.17,4995,1217,0.91,33,24.36
9.19,4952,1210,0.87,32,24.87
9.14,4720,1141,1.11,21,27.2
9.39,4723,1115,1.06,24,27.16
9.21,4800,1100,1.14,24,27.97
9.16,5071,985,0.86,29,24.9
9.37,4901,1026,0.93,27,23.7
9.23,4907,1023,0.91,26,22.86
8.04,5042,1049,0.71,25,24.43
8.04,4986,1057,0.91,25,25.71
8.13,4984,1063,0.78,26,23.53
8.98,5162,1000,0.89,33,25.7
9.09,5017,1016,0.9,34,24.87
9.18,5422,1030,0.81,36,25.77
9.1,4723,1089,0.75,27,27.0
8.92,4745,1049,0.75,28,28.69
8.98,4874,1042,0.81,28,30.38
9.09,5097,1033,0.54,33,26.56
9.2,5033,1068,0.54,35,28.15
9.26,5051,1031,0.55,36,25.59
10.19,4546,999,0.74,14,14.95
10.19,4449,994,0.78,15,14.58
10.03,4523,1018,0.63,15,14.64
9.59,3660,980,0.56,13,15.3
9.54,3606,1020,0.63,14,14.83
9.69,3610,1008,0.64,14,16.48
9.56,3782,1006,0.67,21,15.08
9.52,3657,980,0.62,22,15.6
9.74,3739,986,0.67,20,16.14
9.75,4695,1034,0.36,18,16.09
9.97,4742,1067,0.41,18,15.56
9.76,4740,1050,0.37,17,15.53
8.12,5201,1112,0.77,40,25.85
8.22,4914,1163,0.69,37,25.33
8.04,5022,1153,0.68,37,23.95
9.65,4960,1105,0.37,44,23.37
9.48,5025,1053,0.39,41,25.45
9.64,4980,1024,0.37,44,24.94
9.39,4807,1091,0.97,22,27.01
9.37,4700,1140,0.91,21,27.03
9.49,4559,1142,0.94,22,27.12
9.23,4713,1099,0.97,37,19.05
9.05,4821,1031,0.99,36,20.24
9.17,4833,1100,0.92,35,20.34
9.93,4651,1203,1.08,26,26.02
9.97,4596,1147,1.05,27,26.75
9.96,4629,1183,1.03,26,24.88
9.92,5118,1133,1.27,32,19.82
9.92,4869,1138,1.23,32,19.47
9.95,5102,1157,1.23,32,20.29
9.26,5162,1095,0.92,22,25.33
9.2,5295,1084,0.95,23,24.27
9.14,5285,1118,1.06,23,25.92
9.03,4611,1056,0.41,35,22.48
9.23,4830,1067,0.43,32,24.66
9.19,4918,1020,0.4,37,22.29
10.6,5193,1112,1.0,23,24.68
10.45,5271,1066,1.04,23,25.43
10.46,5140,1034,0.92,23,25.79
10.04,4373,1093,1.29,20,21.87
9.8,4313,1098,1.29,18,22.49
9.98,4259,1045,1.3,19,22.72
9.25,5373,1094,0.76,32,23.23
9.64,5346,1100,0.77,31,23.68
9.37,5108,1150,0.82,33,24.23
9.1,4858,1093,0.96,23,26.29
8.94,4871,1091,0.93,22,27.39
9.18,4951,1060,0.91,22,26.95
9.51,4943,1122,1.01,24,24.19
9.47,4699,1114,0.97,23,25.21
9.57,4799,1083,1.05,24,24.67
9.35,4347,1049,0.52,25,25.45
9.45,4641,1026,0.53,24,25.78
9.14,4676,1055,0.52,24,27.35
10.8,4581,986,0.24,12,13.19
10.8,4495,994,0.27,13,13.09
10.8,4311,1025,0.28,13,13.08
10.22,4180,1017,0.16,15,15.15
10.25,4184,1026,0.15,14,14.84
10.2,4266,1011,0.16,15,14.96
9.86,4484,1025,0.76,14,14.15
10.22,4430,1078,0.69,14,14.47
10.16,4545,1004,0.68,14,14.42
8.96,4569,1002,0.12,15,15.15
9.07,4653,1015,0.11,15,14.57
9.11,4651,1019,0.13,14,14.17
9.08,5193,1110,0.81,42,24.98
9.09,5005,1113,0.81,42,25.64
9.16,5013,1142,0.85,42,26.33
8.41,4952,1060,0.57,32,24.86
8.35,5156,1057,0.53,32,26.83
8.47,4975,1035,0.54,30,25.48
9.42,4879,1179,0.75,36,24.21
9.49,4779,1187,0.74,37,25.1
9.72,4809,1192,0.76,37,24.65
9.84,5183,1215,0.72,33,25.27
9.88,5242,1216,0.76,30,25.45
9.61,5154,1208,0.77,31,24.07
9.35,5172,1092,0.81,38,24.01
9.34,4977,1136,0.78,37,23.3
9.52,5242,1147,0.82,35,23.65
9.42,5274,1124,0.78,37,23.09
9.28,5285,1155,0.82,35,23.22
9.41,5185,1065,0.81,37,23.57
9.16,5679,1238,1.26,39,27.96
9.39,5751,1211,1.31,40,27.69
9.32,5518,1214,1.27,38,26.93
9.24,5365,1294,1.46,36,26.04
9.36,5287,1350,1.51,38,26.52
9.36,5514,1357,1.59,37,25.59
8.63,4830,1045,0.82,25,23.4
8.74,4809,1032,0.8,24,21.77
8.69,4948,1048,0.86,23,23.17
8.75,4974,1108,0.65,23,25.47
8.76,4913,1094,0.7,23,26.93
8.8,5032,1079,0.67,22,28.26
10.44,4790,1070,0.89,30,26.9
10.29,4966,1064,0.95,28,26.29
10.59,4878,1103,0.94,30,27.4
9.9,4990,1017,0.84,27,22.17
9.94,4986,1020,0.77,27,21.24
9.76,5096,1047,0.75,27,21.58
9.21,4545,1028,0.21,14,14.57
9.17,4433,1001,0.21,14,14.06
9.27,4574,1032,0.2,14,14.61
8.52,3682,980,0.85,13,15.36
8.53,3672,1009,0.81,14,15.44
8.53,3749,1021,0.8,13,14.71
9.12,4616,1027,0.86,16,14.9
9.19,4555,1030,0.94,18,15.04
9.22,4552,1038,0.9,17,15.22
10.11,4582,1010,0.15,13,16.96
10.12,4640,1022,0.13,13,16.88
10.12,4538,998,0.14,13,15.81
9.47,1774,1069,0.64,34,22.97
9.48,1887,1088,0.69,36,22.01
9.49,1850,1023,0.65,36,21.6
9.16,1815,1099,0.57,39,24.87
9.29,1792,1147,0.67,37,25.01
9.18,1770,1112,0.68,36,23.45
9.48,1832,1069,0.47,36,21.17
9.47,1824,1068,0.48,34,22.05
9.39,1815,1012,0.47,36,20.74
9.37,4953,1124,0.91,21,28.9
9.49,4827,1145,0.9,21,30.64
9.33,4920,1156,0.89,24,30.61
9.47,4702,1191,0.66,40,25.53
9.52,4940,1203,0.66,39,24.74
9.5,5031,1210,0.67,35,25.68
9.46,1956,1165,0.71,28,24.28
9.37,1960,1187,0.68,30,23.79
9.62,1906,1171,0.74,30,24.3
9.41,1834,1167,0.93,38,24.78
9.47,1884,1099,0.91,37,24.38
9.33,1906,1157,0.99,36,24.28
9.43,1774,1106,0.97,29,23.23
9.56,1754,1096,1.08,32,23.81
9.46,1768,1117,1.02,31,22.43
9.58,1831,1223,0.42,33,28.11
9.62,1734,1244,0.42,32,28.59
9.55,1754,1188,0.42,32,27.26
9.36,5447,1088,0.98,25,27.51
9.28,5240,1044,1.03,25,27.86
9.33,5515,1010,0.97,26,27.2
9.31,5227,1201,0.67,38,27.74
9.16,5363,1241,0.59,37,27.73
9.34,5319,1252,0.61,38,26.34
9.51,4358,1216,1.52,25,27.47
9.3,4250,1243,1.65,24,25.87
9.36,4268,1214,1.64,27,27.35
9.27,4832,1089,0.96,24,23.49
9.53,4686,1093,1.01,22,25.07
9.36,4827,1068,1.11,23,24.28
9.4,4986,1186,0.69,25,23.54
9.38,4676,1232,0.79,24,22.79
9.43,4776,1224,0.69,24,22.97
9.45,4751,1129,0.79,23,25.62
9.32,4804,1135,0.72,23,23.3
9.3,4793,1081,0.82,24,26.36
9.49,4739,1022,0.44,28,24.06
9.71,4911,1053,0.53,27,22.84
9.37,4988,1073,0.52,25,23.86
9.46,4439,996,0.33,13,13.4
9.37,4537,1014,0.34,13,14.13
9.53,4561,1023,0.31,14,13.56
9.4,3796,1020,0.63,13,15.46
9.24,3676,992,0.6,12,15.95
9.31,3681,1053,0.62,13,15.72
9.24,4537,1001,0.75,15,13.53
9.18,4730,1035,0.83,16,14.67
9.14,4779,1003,0.78,15,14.27
9.49,4726,1015,0.21,13,15.99
9.5,4508,1033,0.22,13,15.81
9.65,4751,1009,0.21,14,16.02
9.22,2053,1017,0.5,36,24.29
9.23,1904,987,0.46,38,23.86
9.25,1910,986,0.48,39,23.97
8.88,1854,1050,0.5,30,23.39
8.81,1842,1050,0.54,31,23.36
8.78,1758,1063,0.52,32,23.46
9.41,4497,1151,0.7,36,24.95
9.43,4449,1129,0.68,36,24.71
9.38,4426,1127,0.57,36,24.59
9.38,4574,1128,0.52,23,27.4
9.47,4769,1132,0.55,24,27.78
9.4,4684,1101,0.57,23,25.6
9.21,4972,1203,0.61,34,23.3
9.18,4988,1233,0.59,33,23.14
9.1,4994,1164,0.62,33,22.8
9.34,1940,1197,0.7,33,22.82
9.27,1929,1182,0.68,33,23.4
9.26,1882,1172,0.6,33,23.94
9.41,1966,1163,0.78,36,27.64
9.48,1937,1089,0.78,35,28.02
9.58,1869,1172,0.79,35,28.67
9.09,1767,1129,0.91,29,25.2
9.11,1819,1112,0.86,32,25.66
9.24,1769,1131,0.91,30,26.56
9.49,1632,1113,0.72,30,25.57
9.44,1632,1061,0.76,32,28.27
9.45,1668,1057,0.83,31,26.72
9.47,5102,1077,0.77,24,27.33
9.3,5056,1055,0.75,24,26.45
9.5,5025,1059,0.81,24,25.28
9.69,5098,1137,0.66,35,27.88
9.3,5170,1113,0.66,36,28.73
9.59,5169,1113,0.7,36,28.19
9.42,5316,1170,0.88,35,28.01
9.35,5426,1235,0.88,35,28.48
9.07,5122,1203,0.9,35,27.4
9.8,4260,1228,1.51,28,27.87
9.76,4173,1230,1.56,28,28.37
9.81,4294,1229,1.7,28,28.83
9.26,4637,1179,0.7,25,23.21
9.29,4685,1159,0.73,23,23.44
9.46,4949,1145,0.71,25,24.4
9.09,4782,1125,0.63,26,23.48
9.23,4770,1125,0.58,26,25.31
9.08,4800,1092,0.5,26,22.65
9.58,5238,1022,1.01,32,26.55
9.39,5289,1065,1.04,30,26.13
9.45,5188,1038,1.0,32,25.07
9.59,4988,1022,0.47,26,26.82
9.2,5001,1022,0.53,25,25.02
9.35,5107,1024,0.57,25,26.39
9.26,3717,1061,0.45,17,15.54
9.38,3681,1065,0.42,17,16.69
9.35,3668,981,0.44,17,15.24
9.49,3768,1028,0.56,16,14.68
9.56,3854,1018,0.57,15,15.22
9.6,3725,1024,0.55,16,14.22
9.22,4729,1026,0.61,15,15.47
9.32,4713,988,0.65,15,15.25
9.37,4470,1017,0.61,14,15.74
9.4,4587,1021,0.15,15,19.03
9.28,4676,999,0.15,14,20.04
9.39,4660,995,0.16,15,20.54
9.32,1872,1037,0.45,44,24.51
9.34,1855,1029,0.46,43,24.33
9.2,1879,1020,0.46,42,25.53
9.42,1947,980,0.52,36,22.41
9.46,2011,999,0.55,33,22.2
9.47,1998,980,0.52,35,22.23
9.45,1846,1070,0.52,41,25.55
9.38,1882,1104,0.57,42,25.17
9.34,1812,1073,0.56,42,24.67
8.86,4440,1209,0.61,37,25.05
8.9,4379,1159,0.62,36,24.2
8.78,4580,1136,0.61,36,24.43
9.46,4696,1118,0.61,26,25.56
9.39,4493,1090,0.59,28,26.9
9.34,4654,1113,0.65,26,24.78
9.2,4854,1210,0.6,35,24.88
9.46,4835,1199,0.61,36,26.4
9.37,4741,1215,0.61,37,24.66
9.32,1878,1176,0.51,35,27.52
9.46,1979,1167,0.58,36,25.94
9.34,1939,1160,0.55,34,27.57
9.56,1919,1168,0.83,34,26.87
9.41,1936,1159,0.8,36,28.47
9.55,1864,1153,0.79,36,27.32
9.45,1792,1139,0.81,33,24.69
9.36,1741,1105,0.85,34,24.52
9.53,1763,1125,0.87,35,22.81
9.45,4400,1169,2.11,35,28.65
9.32,4156,1238,2.11,36,28.15
9.33,4285,1188,2.07,36,27.69
9.14,4747,1056,0.68,32,27.13
9.3,4650,1043,0.77,32,25.84
9.21,4720,1071,0.77,32,25.79
9.62,3803,1028,0.45,16,15.11
9.93,3723,1030,0.42,16,15.52
9.63,3730,1027,0.44,15,15.45
9.17,3803,1030,0.38,16,14.98
9.18,3722,1016,0.44,17,15.05
9.06,3623,1024,0.38,17,14.74
9.48,3692,999,0.43,15,15.96
9.55,3730,1025,0.45,16,14.82
9.37,3729,1010,0.43,16,15.1
9.15,3713,1000,0.43,17,15.82
9.21,3806,1045,0.41,17,15.37
9.3,3599,1043,0.45,17,14.78
8.57,1967,1026,0.42,37,23.79
8.62,1937,1033,0.44,38,24.34
8.55,1968,1058,0.48,37,24.03
9.02,1856,1055,0.38,42,27.35
9.16,1836,1027,0.42,40,29.05
9.15,1911,1032,0.4,43,26.1
8.93,4371,1168,0.57,27,21.68
8.89,4625,1099,0.6,27,22.82
8.89,4433,1136,0.53,28,23.47
9.44,4561,1107,0.78,26,26.43
9.49,4656,1110,0.79,24,25.68
9.54,4488,1142,0.78,25,25.62
9.36,4783,1191,0.5,41,24.45
9.27,4832,1238,0.49,38,25.66
9.3,4810,1224,0.48,41,25.63
8.93,1955,1194,0.58,32,23.54
8.96,1902,1167,0.64,32,23.96
9.09,1944,1165,0.57,31,23.49
9.45,1632,1082,0.85,31,27.69
9.41,1632,1080,0.75,31,26.98
9.53,1636,1042,0.79,31,28.79
9.41,5181,1225,0.73,37,25.35
9.61,5435,1268,0.72,39,25.84
9.42,5160,1216,0.68,40,26.98
8.88,4848,1099,0.61,25,24.33
9.03,4864,1116,0.61,25,24.44
8.95,4830,1140,0.59,24,24.75
9.56,4922,1070,0.69,29,25.68
9.36,5027,1001,0.77,27,24.68
9.5,5051,1034,0.72,29,24.65
9.39,4539,1012,0.22,13,18.91
9.16,4654,1038,0.21,14,17.45
9.24,4478,1022,0.21,13,18.96
9.38,3595,1056,0.34,21,13.77
9.29,3763,1007,0.33,21,14.18
9.4,3619,1062,0.3,20,14.88
9.41,3732,1016,0.61,15,15.48
9.34,3756,1000,0.62,15,14.65
9.38,3777,1005,0.67,14,14.16
9.46,3775,1029,0.59,12,15.34
9.41,3719,1019,0.6,12,14.74
9.25,3635,1017,0.61,12,14.95
8.9,1892,1051,0.33,51,22.73
8.93,1909,1032,0.29,51,23.9
8.79,1804,1092,0.34,50,23.38
9.2,1874,1066,0.51,47,26.12
8.98,1769,1063,0.52,47,26.4
9.22,1829,1067,0.51,47,25.69
9.54,4739,1118,0.46,25,25.95
9.54,4511,1134,0.45,27,24.97
9.41,4732,1149,0.5,25,26.0
9.7,4726,1197,0.47,36,26.26
9.72,4809,1197,0.43,35,28.4
9.68,4982,1240,0.43,34,25.93
9.27,1903,1154,0.89,31,24.52
9.27,1890,1150,0.84,32,24.91
9.31,1987,1132,0.97,31,23.04
9.45,1788,1123,0.5,31,22.84
9.58,1792,1080,0.48,32,22.44
9.53,1773,1154,0.45,31,22.09
9.42,4907,1040,1.11,39,27.34
9.47,5209,1046,1.24,37,30.05
9.34,5018,1045,1.19,39,26.63
8.51,5210,1173,0.59,27,26.9
8.71,5158,1137,0.64,30,26.33
8.71,5186,1144,0.63,28,27.07
9.25,4901,1106,0.85,30,25.5
9.14,4872,1065,0.84,29,26.11
9.22,4885,1087,0.89,28,25.56
9.22,4795,1144,0.58,28,24.88
9.31,4712,1152,0.58,28,23.34
9.19,4702,1113,0.58,27,24.69
8.84,5134,1045,0.75,35,25.43
8.69,5125,1063,0.77,35,24.95
8.74,5181,1023,0.75,35,24.94
10.8,4356,999,0.12,12,13.31
10.76,4405,1063,0.11,12,13.7
10.8,4481,1002,0.11,12,13.85
9.55,4325,1027,0.19,14,14.12
9.47,4361,1030,0.22,15,14.17
9.77,4450,997,0.22,14,14.55
9.36,4553,1055,0.8,17,18.28
9.4,4695,1092,0.79,17,18.46
9.28,4608,1042,0.83,18,18.1
8.41,3568,1016,0.82,16,16.83
8.54,3524,999,0.94,16,15.5
8.6,3733,996,0.88,16,14.79
8.44,1919,1024,0.38,35,25.75
8.46,1932,1046,0.29,37,27.02
8.36,1919,1031,0.34,36,27.16
8.51,4441,1127,0.15,35,25.63
8.46,4530,1138,0.16,37,27.1
8.53,4515,1187,0.17,36,24.6
9.09,1915,1133,0.21,31,23.8
8.99,2008,1139,0.2,31,25.1
9.2,1908,1179,0.2,32,22.89
9.01,1632,1000,0.28,40,23.52
9.0,1710,1021,0.25,40,23.05
9.04,1652,1058,0.27,43,22.59
9.37,5311,1116,0.22,34,23.77
9.23,5204,1047,0.22,32,23.29
9.14,5085,1117,0.24,35,23.75
9.32,4233,1099,0.25,19,23.8
9.39,4303,1103,0.23,20,25.93
9.47,4311,1017,0.25,20,24.22
9.49,4377,1272,0.86,36,29.37
9.56,4225,1236,0.78,35,30.59
9.56,4123,1245,0.81,35,29.26
9.44,4838,1239,0.35,25,25.36
9.05,4901,1187,0.33,25,24.54
9.16,4867,1227,0.37,24,25.48
9.79,5052,1036,0.79,27,27.81
9.98,4928,1005,0.84,28,27.1
9.85,5075,1061,0.79,27,26.04
9.24,4683,1228,0.37,25,24.89
9.25,4880,1248,0.35,24,25.81
9.09,4930,1214,0.36,26,24.4
9.29,4779,1207,0.19,28,23.27
9.38,4877,1199,0.19,28,23.8
9.31,4844,1195,0.17,29,23.41
9.14,4805,1175,0.92,24,24.89
9.17,4649,1201,0.94,25,25.63
9.34,4833,1251,0.9,23,26.07
9.52,5102,1245,0.11,24,24.72
9.4,4857,1196,0.13,24,25.16
9.4,4824,1195,0.12,22,25.0
9.06,1843,1059,0.37,43,25.81
9.04,1877,1070,0.34,41,24.67
9.08,1829,1044,0.34,45,24.77
9.11,1929,1017,0.36,37,26.55
9.29,1948,1013,0.34,37,28.0
9.02,1934,1013,0.35,37,28.03
9.39,4702,1091,0.44,21,26.42
9.47,4597,1122,0.47,21,27.84
9.29,4763,1101,0.41,23,26.15
9.7,5624,1213,0.49,32,24.73
9.59,5972,1227,0.48,33,24.6
9.57,5623,1228,0.5,31,24.0
9.21,1971,1150,0.25,30,24.92
9.13,1931,1147,0.3,29,25.38
9.3,1894,1213,0.26,31,24.85
9.49,1806,1186,0.62,25,26.12
9.56,1832,1166,0.64,24,26.64
9.39,1859,1138,0.65,25,26.29
8.98,1805,1114,0.5,29,26.46
8.97,1819,1121,0.53,27,26.52
8.92,1771,1120,0.54,28,25.01
9.34,4824,1099,0.44,35,22.79
9.33,4811,1079,0.39,36,22.96
9.34,4849,1098,0.41,37,21.86
9.31,5166,1064,0.12,24,26.75
9.28,5100,1015,0.12,23,28.61
9.31,4992,1028,0.12,25,27.48
9.2,5062,1125,0.42,35,25.67
9.24,5169,1118,0.44,35,28.62
9.24,5050,1153,0.41,36,27.4
9.28,4400,1154,1.0,38,37.28
9.44,4422,1177,1.07,38,38.69
9.46,4380,1168,1.11,36,36.66
9.32,4396,1153,1.23,41,37.64
9.25,4277,1144,1.15,40,38.75
9.22,4154,1143,1.19,41,38.53
8.75,4900,1110,0.83,28,26.38
8.83,4733,1063,0.92,28,28.38
8.84,4779,1053,0.85,27,26.0
9.08,4696,1153,0.34,24,21.72
9.2,4832,1164,0.38,24,21.75
9.28,4850,1137,0.38,25,23.07
9.43,4821,1131,0.76,24,24.35
9.41,4842,1092,0.74,24,23.88
9.38,4822,1165,0.76,24,24.87
8.78,5075,1046,0.7,36,26.07
8.88,4915,1034,0.75,33,26.49
8.93,5081,1040,0.74,35,25.82
9.65,5132,1030,0.33,28,28.61
9.14,5013,1008,0.32,29,28.56
9.3,5197,1013,0.36,28,28.7
8.2,4497,983,0.86,12,13.58
8.12,4418,989,0.91,12,14.23
8.11,4424,1024,0.91,12,13.69
8.04,4811,1230,0.11,13,12.88
8.29,4786,1214,0.11,12,12.89
8.18,4643,1217,0.11,13,13.61
8.36,4685,1184,0.86,26,25.37
8.19,4636,1183,0.95,25,26.36
8.29,4715,1258,0.87,25,27.05
9.2,4938,1197,0.9,16,14.7
9.26,4975,1182,0.83,15,14.54
9.28,4855,1207,0.91,16,14.54
8.64,1867,1065,0.33,43,23.34
8.69,1837,1068,0.31,47,22.6
8.66,1891,1061,0.33,44,23.92
9.42,1921,1042,0.36,36,25.24
9.35,1926,1027,0.41,38,23.06
9.32,1996,1057,0.39,36,24.81
9.33,1831,1035,0.29,31,25.83
9.39,1820,1069,0.31,33,26.25
9.33,1756,1051,0.32,31,27.72
8.7,4639,1110,0.37,27,24.96
8.65,4467,1130,0.35,29,24.78
8.78,4627,1127,0.38,27,24.63
8.98,4852,1226,0.19,45,23.51
9.17,4739,1226,0.2,46,24.55
9.01,5031,1199,0.19,44,23.97
9.12,1776,1114,0.38,37,23.32
9.13,1783,1111,0.35,39,23.79
9.08,1721,1099,0.34,38,22.34
9.13,5153,1012,0.5,25,28.16
9.25,4894,1069,0.56,24,26.31
9.14,4909,1046,0.52,25,26.73
9.39,4404,1162,1.16,42,35.35
9.23,4390,1165,1.02,41,37.34
9.27,4173,1190,1.09,43,36.02
9.1,4287,1197,0.34,38,24.12
9.09,4147,1186,0.32,38,23.31
9.07,4339,1204,0.35,38,23.47
9.19,4802,1087,0.33,33,27.05
9.1,4834,1108,0.33,30,25.88
9.03,4784,1084,0.34,31,26.16
9.22,4753,1092,0.55,27,21.75
8.97,4682,1118,0.61,28,22.42
9.02,4847,1097,0.55,27,22.88
9.24,4903,1007,0.59,27,23.5
9.24,4905,1019,0.58,27,22.25
9.35,5019,1043,0.53,27,23.36
9.23,4929,992,0.41,25,22.54
9.16,5002,1077,0.37,24,21.59
9.27,4815,1010,0.37,25,23.09
10.8,4463,1015,0.73,11,14.06
10.8,4340,1025,0.73,12,13.64
10.8,4506,999,0.7,11,13.78
8.97,4611,983,0.85,18,11.25
9.21,4403,1044,0.83,17,12.07
9.18,4619,1002,0.76,17,11.48
8.16,4731,1207,0.1,25,20.79
8.11,4697,1177,0.11,24,21.28
8.22,4768,1199,0.12,25,21.85
8.72,1884,1034,0.31,44,24.73
8.84,1817,1113,0.31,45,25.11
8.73,1743,1073,0.3,45,24.69
9.32,1995,1083,0.28,38,24.03
9.38,1929,1006,0.29,36,25.0
9.21,1905,1019,0.28,38,24.0
9.51,1781,1075,0.3,32,25.08
9.53,1785,1046,0.33,31,25.18
9.53,1833,1036,0.32,32,25.23
8.56,4452,1158,0.33,39,25.9
8.71,4671,1134,0.37,37,26.08
8.65,4533,1141,0.34,36,25.81
8.9,4739,1228,0.25,44,25.0
8.89,4835,1249,0.23,42,24.26
8.91,4878,1253,0.24,46,24.71
9.47,1979,1145,0.21,29,25.68
9.5,1877,1169,0.23,30,26.34
9.38,1963,1184,0.22,29,25.35
9.08,1841,1117,0.63,22,26.92
9.13,1853,1169,0.63,22,26.36
9.15,1851,1179,0.65,21,26.42
8.66,1759,1122,0.39,38,24.41
8.79,1759,1141,0.39,36,24.15
8.75,1726,1134,0.38,36,24.39
9.01,4323,1179,0.75,37,31.83
9.05,4257,1208,0.7,39,31.53
9.13,4424,1199,0.79,35,32.94
9.14,4254,1230,0.42,27,24.94
9.21,4280,1237,0.4,27,26.7
9.09,4180,1229,0.43,28,24.06
9.56,4852,1116,0.46,27,24.92
9.4,4928,1128,0.4,28,24.69
9.48,4633,1094,0.43,27,24.33
9.23,5165,1058,0.35,35,24.32
9.19,4806,1030,0.37,34,24.6
9.25,4940,1025,0.34,34,23.68
9.4,4594,1210,0.35,11,12.91
9.21,4690,1205,0.35,11,12.78
9.24,4959,1201,0.33,11,12.78
9.46,4570,984,0.74,11,13.63
9.15,4458,1037,0.67,11,13.57
9.09,4593,1042,0.69,11,14.06
8.04,4725,1223,0.1,15,12.19
8.17,4621,1211,0.1,15,12.11
8.08,4828,1174,0.12,15,12.39
9.2,4809,1227,0.9,15,14.42
9.06,4895,1236,0.88,15,15.07
9.16,4813,1284,0.94,16,15.0
9.25,1910,1048,0.27,30,23.1
9.4,1912,1081,0.28,32,23.35
9.11,1842,1076,0.29,32,25.09
8.44,1876,1069,0.37,44,24.92
8.6,1861,1081,0.34,43,22.59
8.66,1910,1061,0.37,44,25.52
9.4,1820,1076,0.3,36,25.21
9.39,1909,1072,0.3,36,24.2
9.43,1830,1043,0.31,37,23.84
9.36,4399,1142,0.3,25,25.41
9.2,4534,1147,0.28,24,26.06
9.37,4540,1092,0.27,24,25.56
8.48,4744,1166,0.34,36,23.08
8.33,4537,1136,0.34,37,23.37
8.35,4500,1117,0.34,37,23.4
9.39,4358,1237,0.22,35,25.76
9.52,4267,1189,0.23,33,26.14
9.52,4209,1202,0.2,34,26.79
8.98,1944,1199,0.6,31,25.79
8.9,1877,1154,0.58,32,25.56
8.99,1947,1198,0.55,31,25.49
9.33,1877,1180,0.65,26,27.19
9.23,1856,1185,0.57,26,26.83
9.37,1878,1162,0.68,25,26.74
9.41,1874,1141,0.65,24,21.54
9.25,1774,1151,0.7,25,21.98
9.29,1757,1164,0.72,23,21.42
9.28,5207,1086,0.23,35,23.68
9.2,5335,1125,0.23,35,24.35
9.53,5204,1112,0.21,36,23.91
10.49,4229,1515,1.64,35,39.6
10.66,4270,1536,1.88,36,39.12
10.65,4223,1499,1.79,35,36.98
10.53,4376,1398,1.16,36,30.83
10.58,4309,1448,1.16,37,32.28
10.56,4274,1434,1.16,36,31.74
8.75,4745,1073,0.92,41,26.99
8.72,4839,1114,0.91,40,27.26
8.62,4796,1079,0.91,41,26.44
9.43,4754,1125,0.36,27,24.34
9.45,4796,1141,0.35,25,23.9
9.2,4862,1143,0.37,26,24.55
8.86,5298,1074,0.77,36,25.76
8.8,5051,1028,0.76,36,25.43
8.95,4902,1048,0.68,36,25.26
9.25,5002,1013,0.38,32,28.22
9.46,4929,1057,0.41,32,29.07
9.45,5017,1025,0.36,30,28.8
9.66,3819,1034,0.45,13,11.75
9.78,3647,1030,0.42,13,11.67
9.67,3760,1007,0.4,14,11.91
9.28,4455,1017,0.22,13,18.68
9.3,4528,989,0.21,13,18.45
9.08,4665,998,0.22,14,19.05
9.24,4589,1016,0.21,13,18.7
9.24,4569,1015,0.22,13,18.14
9.28,4351,1069,0.21,14,18.13
9.3,3683,1043,0.34,21,14.09
9.37,3699,1020,0.36,21,14.23
9.45,3750,1028,0.32,21,14.47
9.19,1969,1110,0.55,37,28.87
9.27,1825,1054,0.51,39,30.65
9.1,1882,1059,0.53,37,29.67
8.36,1832,1083,0.38,44,26.78
8.39,1810,1055,0.38,44,24.32
8.35,1855,1103,0.37,41,25.97
9.46,1827,1077,0.38,30,26.57
9.31,1849,1021,0.34,33,26.01
9.14,1833,1090,0.34,31,25.78
9.23,4642,1141,0.2,25,24.85
9.26,4569,1115,0.23,25,26.08
9.28,4530,1101,0.23,24,26.34
8.51,4484,1125,0.33,39,25.61
8.45,4505,1124,0.31,36,24.52
8.59,4785,1150,0.35,36,26.57
9.59,4188,1253,0.24,36,27.71
9.61,4395,1237,0.24,34,27.0
9.51,4133,1238,0.23,34,26.72
8.65,1907,1163,0.3,24,22.2
8.53,1954,1152,0.29,24,24.69
8.64,1944,1135,0.28,25,23.67
9.51,1833,1173,0.59,23,22.72
9.37,1843,1154,0.59,24,23.17
9.42,1881,1159,0.58,23,22.74
8.31,1782,1130,0.34,35,24.59
8.18,1743,1115,0.33,33,25.82
8.22,1714,1091,0.33,34,26.89
9.57,1804,1127,0.3,25,26.06
9.28,1841,1185,0.3,25,26.28
9.21,1838,1086,0.32,25,25.63
9.34,4941,1093,0.56,24,27.14
9.17,4810,1081,0.53,25,26.04
9.13,4990,1065,0.52,24,27.57
9.21,5304,1145,0.32,35,23.79
9.2,5249,1180,0.29,33,24.13
9.31,5233,1156,0.33,35,23.15
9.51,6262,1506,1.97,41,51.6
9.51,6262,1480,1.97,39,52.0
9.45,6255,1537,2.06,42,52.0
9.35,5313,1485,1.47,40,38.43
9.23,5412,1514,1.67,39,39.0
9.47,5226,1479,1.6,44,35.7
8.62,4856,1040,0.5,42,23.15
8.69,4907,1052,0.47,40,23.16
8.61,4829,1035,0.48,42,23.87
9.31,4818,1147,0.32,29,21.22
9.24,4807,1132,0.35,28,22.27
9.3,4682,1135,0.32,29,21.99
8.23,5117,1037,0.36,34,25.92
8.17,5171,1021,0.39,35,26.06
8.19,5240,993,0.38,36,26.2
9.54,4817,1109,0.73,25,25.52
9.33,4829,1087,0.73,24,25.97
9.62,4765,1131,0.74,22,25.6
9.43,4796,1222,0.19,19,21.48
9.51,4721,1186,0.21,18,22.58
9.43,4653,1225,0.19,19,22.01
9.19,4471,1029,0.18,11,13.93
9.23,4475,1071,0.19,11,14.05
9.07,4540,1045,0.18,11,14.31
9.16,4637,1239,0.88,22,20.96
9.25,4767,1261,0.98,24,21.43
9.14,4694,1226,0.89,24,21.27
9.07,4804,1210,0.13,24,24.91
9.35,4755,1201,0.13,24,24.93
9.15,4852,1159,0.13,25,23.76
9.47,1886,1051,0.58,27,20.94
9.42,1850,1093,0.53,27,21.41
9.5,1846,1103,0.52,28,21.51
9.38,1816,1063,0.36,38,24.63
9.3,1823,1055,0.38,38,25.26
9.17,1917,1071,0.34,38,24.59
9.15,1892,1040,0.31,21,23.69
9.08,1830,1058,0.32,20,24.37
9.15,1837,1075,0.3,21,25.17
8.51,4360,1093,0.32,35,25.9
8.55,4504,1131,0.3,32,25.28
8.57,4401,1121,0.32,34,23.3
9.16,4406,1199,0.3,35,26.28
9.3,4285,1228,0.31,36,27.71
9.44,4411,1185,0.33,34,27.43
9.12,1939,1150,0.32,28,26.08
9.14,1954,1172,0.28,28,25.71
9.08,1873,1166,0.3,29,24.5
9.25,1765,1124,0.6,24,22.52
9.29,1769,1132,0.61,23,22.48
9.23,1727,1095,0.59,24,22.87
8.9,1734,1117,0.52,27,26.95
8.78,1779,1086,0.52,28,26.66
8.96,1772,1118,0.53,29,27.0
9.35,1791,1109,0.53,32,21.99
9.33,1783,1139,0.51,31,22.66
9.45,1802,1171,0.45,30,21.56
9.4,4953,1101,0.81,25,30.41
9.45,5178,1137,0.89,25,31.84
9.39,5006,1113,0.89,24,28.69
9.29,5076,1095,0.4,36,26.27
9.4,5265,1140,0.41,37,26.19
9.38,5038,1144,0.4,34,26.13
9.17,5361,1562,1.38,35,35.41
9.39,5352,1562,1.41,35,36.43
9.41,5251,1549,1.48,36,37.54
9.56,3206,1381,1.65,44,33.76
9.59,3307,1445,1.56,45,32.68
9.58,3429,1396,1.48,45,35.21
9.26,4710,1083,0.43,30,27.15
9.14,4946,1076,0.48,31,26.36
9.35,4787,1096,0.46,30,26.43
9.23,4975,1029,0.35,31,23.89
9.39,4857,1051,0.33,32,24.16
9.29,4715,1044,0.32,33,23.01
9.15,4775,1110,0.35,26,24.02
9.03,4800,1112,0.36,24,23.97
9.28,4785,1148,0.34,25,26.03
9.1,4981,1057,0.46,37,25.72
9.32,4873,1028,0.57,38,26.73
9.28,5343,1057,0.58,35,26.03
9.16,4923,1005,0.39,32,23.16
9.47,5150,1005,0.39,31,24.09
9.42,4846,1010,0.4,31,22.41
8.21,4531,1191,0.11,12,13.68
8.26,4803,1197,0.12,12,13.09
8.07,4696,1170,0.11,13,13.87
8.17,4688,1196,0.11,22,18.33
8.18,4684,1155,0.1,22,19.46
8.04,4715,1190,0.11,21,18.99
8.09,4405,998,0.91,13,13.73
8.17,4413,1013,0.85,13,13.68
8.15,4410,1024,0.93,12,13.81
9.28,4477,1065,0.15,11,12.91
9.18,4629,1024,0.15,11,12.74
9.15,4504,1033,0.14,11,13.16
9.39,4456,1063,0.08,13,11.0
9.19,4302,1017,0.08,14,11.0
9.38,4387,1008,0.08,13,11.0
9.06,4368,1199,0.11,11,21.84
9.26,4399,1232,0.11,11,21.68
9.04,4328,1228,0.11,11,20.85
8.98,3645,1065,0.19,21,14.05
9.22,3533,1009,0.18,20,14.36
9.17,3579,1008,0.2,20,14.07